{"count":1,"self":122636.48133119999,"total":127786.2905243,"children":{"AgentSendState":{"count":217132762,"self":1771.55072,"total":1780.0015544999999,"children":{"CollectObservations":{"count":178171,"self":1.8754396,"total":1.8754395,"children":null},"CollectDiscreteActionMasks":{"count":178171,"self":0.8629688,"total":0.8629688,"children":null},"AgentInfo.ToProto":{"count":178171,"self":2.5683268,"total":5.7124090999999995,"children":{"GenerateSensorData":{"count":178171,"self":3.1440824,"total":3.1440824,"children":null}}}}},"DecideAction":{"count":217132762,"self":2337.5534079999998,"total":2337.5534797,"children":null},"AgentAct":{"count":217132762,"self":1032.2434048,"total":1032.2433613,"children":null},"AgentInfo.ToProto":{"count":370,"self":0.0039901,"total":0.0069806,"children":{"GenerateSensorData":{"count":370,"self":0.0029904999999999997,"total":0.0029904999999999997,"children":null}}}},"gauges":{"DuelRL.CumulativeReward":{"count":370,"max":1,"min":-56.8366356,"runningAverage":-1.33094788,"value":1,"weightedAverage":-6.63929939}},"metadata":{"timer_format_version":"0.1.0","start_time_seconds":"1608554445","unity_version":"2019.3.15f1","command_line_arguments":"C:\\Users\\james\\2019.3.15f1\\Editor\\Unity.exe -projectpath C:\/Users\/james\/unity_projects\/OpenTactics -useHub -hubIPC -cloudEnvironment production -hubSessionId 37995460-42c8-11eb-a375-2db17cd2bd1c","communication_protocol_version":"1.0.0","com.unity.ml-agents_version":"1.0.4","scene_name":"DuelRL","end_time_seconds":"1608682231"}}