{"count":1,"self":45.7124192,"total":45.923555099999994,"children":{"AgentSendState":{"count":2074,"self":0.0297096,"total":0.033651099999999996,"children":{"CollectObservations":{"count":172,"self":0.0019695999999999997,"total":0.0019695999999999997,"children":null},"CollectDiscreteActionMasks":{"count":172,"self":0.0019719,"total":0.0019719,"children":null}}},"DecideAction":{"count":2074,"self":0.15258259999999998,"total":0.15258259999999998,"children":null},"AgentAct":{"count":2074,"self":0.023904099999999998,"total":0.023904099999999998,"children":null}},"gauges":{"GridworldAT.CumulativeReward":{"count":56,"max":1,"min":0.299999952,"runningAverage":0.7964286,"value":0.8,"weightedAverage":0.8200317}},"metadata":{"timer_format_version":"0.1.0","start_time_seconds":"1606843550","unity_version":"2019.3.15f1","command_line_arguments":"C:\\Users\\james\\2019.3.15f1\\Editor\\Unity.exe -projectpath C:\/Users\/james\/unity_projects\/OpenTactics -useHub -hubIPC -cloudEnvironment production -hubSessionId d3c6cf50-3389-11eb-9f55-67cfd8ee5ba0","communication_protocol_version":"1.0.0","com.unity.ml-agents_version":"1.0.4","scene_name":"GridworldAT","end_time_seconds":"1606843596"}}